﻿<?xml version="1.0" encoding="utf-8"?>
<Instrument xmlns="http://www.lxistandard.org/InstrumentIdentification/1.0">
  <WelcomePage>
    <Manufacturer>Druck</Manufacturer>
    <Model>PACE1000</Model>
    <SerialNumber>68795</SerialNumber>
    <FirmwareRevision>00.00.04</FirmwareRevision>
    <Description>1</Description>
    <HostName>PACE68795</HostName>
    <IPAddr>3.115.20.114</IPAddr>
    <MacAddr>00-D0-1C-0B-26-EE</MacAddr>
    <VxiAddrString>TCPIP::3.115.20.114::inst0::INSTR</VxiAddrString>
    <TcpAddrString>TCPIP::3.115.20.114::5025::SOCKET</TcpAddrString>
  </WelcomePage>
  <LANConfiguration>
    <HostName>PACE68795</HostName>
    <Domain />
    <AutoIP>1</AutoIP>
    <IPAddrAuto>3.115.20.114</IPAddrAuto>
    <IPAddrStatic>192.168.2.1</IPAddrStatic>
    <IPSubnet>255.255.0.0</IPSubnet>
    <IPGateway>0.0.0.0</IPGateway>
    <IPDns>0.0.0.0</IPDns>
  </LANConfiguration>
</Instrument>